{
  "train_loss": [
    0.9475230766241408,
    0.773610523561152,
    0.7306656653759485,
    0.7139334793630038,
    0.6943471398691909,
    0.6825410993294811,
    0.672011380581528,
    0.6570171002802457
  ],
  "train_acc": [
    86.86945676274945,
    92.97394678492239,
    94.62305986696231,
    95.23974501108647,
    95.89107538802661,
    96.41075388026607,
    96.7779933481153,
    97.23531042128603
  ],
  "val_loss": [
    0.7265171452947503,
    0.662317782784895,
    0.6441034557168434,
    0.6923215582220543,
    0.640605316177516,
    0.669606007551338,
    0.6265616322950323,
    0.6777994822993609
  ],
  "val_acc": [
    95.15347334410339,
    97.38287560581583,
    98.2875605815832,
    96.2843295638126,
    97.96445880452343,
    97.05977382875606,
    98.06138933764136,
    96.18739903069466
  ],
  "lr": [
    0.000996057350657239,
    0.0009842915805643156,
    0.0009648882429441258,
    0.0009381533400219318,
    0.0009045084971874737,
    0.0008644843137107057,
    0.0008187119948743448,
    0.0007679133974894982
  ]
}